iter	RMSE
0	8.037267537
1	6.968675779
2	6.432665188
3	5.612582454
4	8.628839689
